,x,y
0,0.0,-10.0
1,-3.0,-9.5
2,-2.5,-9.5
3,-2.0,-9.5
4,-1.5,-9.5
5,-1.0,-9.5
6,-0.5,-9.5
7,0.0,-9.5
8,0.5,-9.5
9,1.0,-9.5
10,1.5,-9.5
11,2.0,-9.5
12,2.5,-9.5
13,3.0,-9.5
14,-4.0,-9.0
15,-3.5,-9.0
16,-3.0,-9.0
17,-2.5,-9.0
18,-2.0,-9.0
19,-1.5,-9.0
20,-1.0,-9.0
21,-0.5,-9.0
22,0.0,-9.0
23,0.5,-9.0
24,1.0,-9.0
25,1.5,-9.0
26,2.0,-9.0
27,2.5,-9.0
28,3.0,-9.0
29,3.5,-9.0
30,4.0,-9.0
31,-5.0,-8.5
32,-4.5,-8.5
33,-4.0,-8.5
34,-3.5,-8.5
35,-3.0,-8.5
36,-2.5,-8.5
37,-2.0,-8.5
38,-1.5,-8.5
39,-1.0,-8.5
40,-0.5,-8.5
41,0.0,-8.5
42,0.5,-8.5
43,1.0,-8.5
44,1.5,-8.5
45,2.0,-8.5
46,2.5,-8.5
47,3.0,-8.5
48,3.5,-8.5
49,4.0,-8.5
50,4.5,-8.5
51,5.0,-8.5
52,-6.0,-8.0
53,-5.5,-8.0
54,-5.0,-8.0
55,-4.5,-8.0
56,-4.0,-8.0
57,-3.5,-8.0
58,-3.0,-8.0
59,-2.5,-8.0
60,-2.0,-8.0
61,-1.5,-8.0
62,-1.0,-8.0
63,-0.5,-8.0
64,0.0,-8.0
65,0.5,-8.0
66,1.0,-8.0
67,1.5,-8.0
68,2.0,-8.0
69,2.5,-8.0
70,3.0,-8.0
71,3.5,-8.0
72,4.0,-8.0
73,4.5,-8.0
74,5.0,-8.0
75,5.5,-8.0
76,6.0,-8.0
77,-6.5,-7.5
78,-6.0,-7.5
79,-5.5,-7.5
80,-5.0,-7.5
81,-4.5,-7.5
82,-4.0,-7.5
83,-3.5,-7.5
84,-3.0,-7.5
85,-2.5,-7.5
86,-2.0,-7.5
87,-1.5,-7.5
88,-1.0,-7.5
89,-0.5,-7.5
90,0.0,-7.5
91,0.5,-7.5
92,1.0,-7.5
93,1.5,-7.5
94,2.0,-7.5
95,2.5,-7.5
96,3.0,-7.5
97,3.5,-7.5
98,4.0,-7.5
99,4.5,-7.5
100,5.0,-7.5
101,5.5,-7.5
102,6.0,-7.5
103,6.5,-7.5
104,-7.0,-7.0
105,-6.5,-7.0
106,-6.0,-7.0
107,-5.5,-7.0
108,-5.0,-7.0
109,-4.5,-7.0
110,-4.0,-7.0
111,-3.5,-7.0
112,-3.0,-7.0
113,-2.5,-7.0
114,-2.0,-7.0
115,-1.5,-7.0
116,-1.0,-7.0
117,-0.5,-7.0
118,0.0,-7.0
119,0.5,-7.0
120,1.0,-7.0
121,1.5,-7.0
122,2.0,-7.0
123,2.5,-7.0
124,3.0,-7.0
125,3.5,-7.0
126,4.0,-7.0
127,4.5,-7.0
128,5.0,-7.0
129,5.5,-7.0
130,6.0,-7.0
131,6.5,-7.0
132,7.0,-7.0
133,-7.5,-6.5
134,-7.0,-6.5
135,-6.5,-6.5
136,-6.0,-6.5
137,-5.5,-6.5
138,-5.0,-6.5
139,-4.5,-6.5
140,-4.0,-6.5
141,-3.5,-6.5
142,-3.0,-6.5
143,-2.5,-6.5
144,-2.0,-6.5
145,-1.5,-6.5
146,-1.0,-6.5
147,-0.5,-6.5
148,0.0,-6.5
149,0.5,-6.5
150,1.0,-6.5
151,1.5,-6.5
152,2.0,-6.5
153,2.5,-6.5
154,3.0,-6.5
155,3.5,-6.5
156,4.0,-6.5
157,4.5,-6.5
158,5.0,-6.5
159,5.5,-6.5
160,6.0,-6.5
161,6.5,-6.5
162,7.0,-6.5
163,7.5,-6.5
164,-8.0,-6.0
165,-7.5,-6.0
166,-7.0,-6.0
167,-6.5,-6.0
168,-6.0,-6.0
169,-5.5,-6.0
170,-5.0,-6.0
171,-4.5,-6.0
172,-4.0,-6.0
173,-3.5,-6.0
174,-3.0,-6.0
175,-2.5,-6.0
176,-2.0,-6.0
177,-1.5,-6.0
178,-1.0,-6.0
179,-0.5,-6.0
180,0.0,-6.0
181,0.5,-6.0
182,1.0,-6.0
183,1.5,-6.0
184,2.0,-6.0
185,2.5,-6.0
186,3.0,-6.0
187,3.5,-6.0
188,4.0,-6.0
189,4.5,-6.0
190,5.0,-6.0
191,5.5,-6.0
192,6.0,-6.0
193,6.5,-6.0
194,7.0,-6.0
195,7.5,-6.0
196,8.0,-6.0
197,-8.0,-5.5
198,-7.5,-5.5
199,-7.0,-5.5
200,-6.5,-5.5
201,-6.0,-5.5
202,-5.5,-5.5
203,-5.0,-5.5
204,-4.5,-5.5
205,-4.0,-5.5
206,-3.5,-5.5
207,-3.0,-5.5
208,-2.5,-5.5
209,-2.0,-5.5
210,-1.5,-5.5
211,-1.0,-5.5
212,-0.5,-5.5
213,0.0,-5.5
214,0.5,-5.5
215,1.0,-5.5
216,1.5,-5.5
217,2.0,-5.5
218,2.5,-5.5
219,3.0,-5.5
220,3.5,-5.5
221,4.0,-5.5
222,4.5,-5.5
223,5.0,-5.5
224,5.5,-5.5
225,6.0,-5.5
226,6.5,-5.5
227,7.0,-5.5
228,7.5,-5.5
229,8.0,-5.5
230,-8.5,-5.0
231,-8.0,-5.0
232,-7.5,-5.0
233,-7.0,-5.0
234,-6.5,-5.0
235,-6.0,-5.0
236,-5.5,-5.0
237,-5.0,-5.0
238,-4.5,-5.0
239,-4.0,-5.0
240,-3.5,-5.0
241,-3.0,-5.0
242,-2.5,-5.0
243,-2.0,-5.0
244,-1.5,-5.0
245,-1.0,-5.0
246,-0.5,-5.0
247,0.0,-5.0
248,0.5,-5.0
249,1.0,-5.0
250,1.5,-5.0
251,2.0,-5.0
252,2.5,-5.0
253,3.0,-5.0
254,3.5,-5.0
255,4.0,-5.0
256,4.5,-5.0
257,5.0,-5.0
258,5.5,-5.0
259,6.0,-5.0
260,6.5,-5.0
261,7.0,-5.0
262,7.5,-5.0
263,8.0,-5.0
264,8.5,-5.0
265,-8.5,-4.5
266,-8.0,-4.5
267,-7.5,-4.5
268,-7.0,-4.5
269,-6.5,-4.5
270,-6.0,-4.5
271,-5.5,-4.5
272,-5.0,-4.5
273,-4.5,-4.5
274,-4.0,-4.5
275,-3.5,-4.5
276,-3.0,-4.5
277,-2.5,-4.5
278,-2.0,-4.5
279,-1.5,-4.5
280,-1.0,-4.5
281,-0.5,-4.5
282,0.0,-4.5
283,0.5,-4.5
284,1.0,-4.5
285,1.5,-4.5
286,2.0,-4.5
287,2.5,-4.5
288,3.0,-4.5
289,3.5,-4.5
290,4.0,-4.5
291,4.5,-4.5
292,5.0,-4.5
293,5.5,-4.5
294,6.0,-4.5
295,6.5,-4.5
296,7.0,-4.5
297,7.5,-4.5
298,8.0,-4.5
299,8.5,-4.5
300,-9.0,-4.0
301,-8.5,-4.0
302,-8.0,-4.0
303,-7.5,-4.0
304,-7.0,-4.0
305,-6.5,-4.0
306,-6.0,-4.0
307,-5.5,-4.0
308,-5.0,-4.0
309,-4.5,-4.0
310,-4.0,-4.0
311,-3.5,-4.0
312,-3.0,-4.0
313,-2.5,-4.0
314,-2.0,-4.0
315,-1.5,-4.0
316,-1.0,-4.0
317,-0.5,-4.0
318,0.0,-4.0
319,0.5,-4.0
320,1.0,-4.0
321,1.5,-4.0
322,2.0,-4.0
323,2.5,-4.0
324,3.0,-4.0
325,3.5,-4.0
326,4.0,-4.0
327,4.5,-4.0
328,5.0,-4.0
329,5.5,-4.0
330,6.0,-4.0
331,6.5,-4.0
332,7.0,-4.0
333,7.5,-4.0
334,8.0,-4.0
335,8.5,-4.0
336,9.0,-4.0
337,-9.0,-3.5
338,-8.5,-3.5
339,-8.0,-3.5
340,-7.5,-3.5
341,-7.0,-3.5
342,-6.5,-3.5
343,-6.0,-3.5
344,-5.5,-3.5
345,-5.0,-3.5
346,-4.5,-3.5
347,-4.0,-3.5
348,-3.5,-3.5
349,-3.0,-3.5
350,-2.5,-3.5
351,-2.0,-3.5
352,-1.5,-3.5
353,-1.0,-3.5
354,-0.5,-3.5
355,0.0,-3.5
356,0.5,-3.5
357,1.0,-3.5
358,1.5,-3.5
359,2.0,-3.5
360,2.5,-3.5
361,3.0,-3.5
362,3.5,-3.5
363,4.0,-3.5
364,4.5,-3.5
365,5.0,-3.5
366,5.5,-3.5
367,6.0,-3.5
368,6.5,-3.5
369,7.0,-3.5
370,7.5,-3.5
371,8.0,-3.5
372,8.5,-3.5
373,9.0,-3.5
374,-9.5,-3.0
375,-9.0,-3.0
376,-8.5,-3.0
377,-8.0,-3.0
378,-7.5,-3.0
379,-7.0,-3.0
380,-6.5,-3.0
381,-6.0,-3.0
382,-5.5,-3.0
383,-5.0,-3.0
384,-4.5,-3.0
385,-4.0,-3.0
386,-3.5,-3.0
387,-3.0,-3.0
388,-2.5,-3.0
389,-2.0,-3.0
390,-1.5,-3.0
391,-1.0,-3.0
392,-0.5,-3.0
393,0.0,-3.0
394,0.5,-3.0
395,1.0,-3.0
396,1.5,-3.0
397,2.0,-3.0
398,2.5,-3.0
399,3.0,-3.0
400,3.5,-3.0
401,4.0,-3.0
402,4.5,-3.0
403,5.0,-3.0
404,5.5,-3.0
405,6.0,-3.0
406,6.5,-3.0
407,7.0,-3.0
408,7.5,-3.0
409,8.0,-3.0
410,8.5,-3.0
411,9.0,-3.0
412,9.5,-3.0
413,-9.5,-2.5
414,-9.0,-2.5
415,-8.5,-2.5
416,-8.0,-2.5
417,-7.5,-2.5
418,-7.0,-2.5
419,-6.5,-2.5
420,-6.0,-2.5
421,-5.5,-2.5
422,-5.0,-2.5
423,-4.5,-2.5
424,-4.0,-2.5
425,-3.5,-2.5
426,-3.0,-2.5
427,-2.5,-2.5
428,-2.0,-2.5
429,-1.5,-2.5
430,-1.0,-2.5
431,-0.5,-2.5
432,0.0,-2.5
433,0.5,-2.5
434,1.0,-2.5
435,1.5,-2.5
436,2.0,-2.5
437,2.5,-2.5
438,3.0,-2.5
439,3.5,-2.5
440,4.0,-2.5
441,4.5,-2.5
442,5.0,-2.5
443,5.5,-2.5
444,6.0,-2.5
445,6.5,-2.5
446,7.0,-2.5
447,7.5,-2.5
448,8.0,-2.5
449,8.5,-2.5
450,9.0,-2.5
451,9.5,-2.5
452,-9.5,-2.0
453,-9.0,-2.0
454,-8.5,-2.0
455,-8.0,-2.0
456,-7.5,-2.0
457,-7.0,-2.0
458,-6.5,-2.0
459,-6.0,-2.0
460,-5.5,-2.0
461,-5.0,-2.0
462,-4.5,-2.0
463,-4.0,-2.0
464,-3.5,-2.0
465,-3.0,-2.0
466,-2.5,-2.0
467,-2.0,-2.0
468,-1.5,-2.0
469,-1.0,-2.0
470,-0.5,-2.0
471,0.0,-2.0
472,0.5,-2.0
473,1.0,-2.0
474,1.5,-2.0
475,2.0,-2.0
476,2.5,-2.0
477,3.0,-2.0
478,3.5,-2.0
479,4.0,-2.0
480,4.5,-2.0
481,5.0,-2.0
482,5.5,-2.0
483,6.0,-2.0
484,6.5,-2.0
485,7.0,-2.0
486,7.5,-2.0
487,8.0,-2.0
488,8.5,-2.0
489,9.0,-2.0
490,9.5,-2.0
491,-9.5,-1.5
492,-9.0,-1.5
493,-8.5,-1.5
494,-8.0,-1.5
495,-7.5,-1.5
496,-7.0,-1.5
497,-6.5,-1.5
498,-6.0,-1.5
499,-5.5,-1.5
500,-5.0,-1.5
501,-4.5,-1.5
502,-4.0,-1.5
503,-3.5,-1.5
504,-3.0,-1.5
505,-2.5,-1.5
506,-2.0,-1.5
507,-1.5,-1.5
508,-1.0,-1.5
509,-0.5,-1.5
510,0.0,-1.5
511,0.5,-1.5
512,1.0,-1.5
513,1.5,-1.5
514,2.0,-1.5
515,2.5,-1.5
516,3.0,-1.5
517,3.5,-1.5
518,4.0,-1.5
519,4.5,-1.5
520,5.0,-1.5
521,5.5,-1.5
522,6.0,-1.5
523,6.5,-1.5
524,7.0,-1.5
525,7.5,-1.5
526,8.0,-1.5
527,8.5,-1.5
528,9.0,-1.5
529,9.5,-1.5
530,-9.5,-1.0
531,-9.0,-1.0
532,-8.5,-1.0
533,-8.0,-1.0
534,-7.5,-1.0
535,-7.0,-1.0
536,-6.5,-1.0
537,-6.0,-1.0
538,-5.5,-1.0
539,-5.0,-1.0
540,-4.5,-1.0
541,-4.0,-1.0
542,-3.5,-1.0
543,-3.0,-1.0
544,-2.5,-1.0
545,-2.0,-1.0
546,-1.5,-1.0
547,-1.0,-1.0
548,-0.5,-1.0
549,0.0,-1.0
550,0.5,-1.0
551,1.0,-1.0
552,1.5,-1.0
553,2.0,-1.0
554,2.5,-1.0
555,3.0,-1.0
556,3.5,-1.0
557,4.0,-1.0
558,4.5,-1.0
559,5.0,-1.0
560,5.5,-1.0
561,6.0,-1.0
562,6.5,-1.0
563,7.0,-1.0
564,7.5,-1.0
565,8.0,-1.0
566,8.5,-1.0
567,9.0,-1.0
568,9.5,-1.0
569,-9.5,-0.5
570,-9.0,-0.5
571,-8.5,-0.5
572,-8.0,-0.5
573,-7.5,-0.5
574,-7.0,-0.5
575,-6.5,-0.5
576,-6.0,-0.5
577,-5.5,-0.5
578,-5.0,-0.5
579,-4.5,-0.5
580,-4.0,-0.5
581,-3.5,-0.5
582,-3.0,-0.5
583,-2.5,-0.5
584,-2.0,-0.5
585,-1.5,-0.5
586,-1.0,-0.5
587,-0.5,-0.5
588,0.0,-0.5
589,0.5,-0.5
590,1.0,-0.5
591,1.5,-0.5
592,2.0,-0.5
593,2.5,-0.5
594,3.0,-0.5
595,3.5,-0.5
596,4.0,-0.5
597,4.5,-0.5
598,5.0,-0.5
599,5.5,-0.5
600,6.0,-0.5
601,6.5,-0.5
602,7.0,-0.5
603,7.5,-0.5
604,8.0,-0.5
605,8.5,-0.5
606,9.0,-0.5
607,9.5,-0.5
608,-10.0,0.0
609,-9.5,0.0
610,-9.0,0.0
611,-8.5,0.0
612,-8.0,0.0
613,-7.5,0.0
614,-7.0,0.0
615,-6.5,0.0
616,-6.0,0.0
617,-5.5,0.0
618,-5.0,0.0
619,-4.5,0.0
620,-4.0,0.0
621,-3.5,0.0
622,-3.0,0.0
623,-2.5,0.0
624,-2.0,0.0
625,-1.5,0.0
626,-1.0,0.0
627,-0.5,0.0
628,0.0,0.0
629,0.5,0.0
630,1.0,0.0
631,1.5,0.0
632,2.0,0.0
633,2.5,0.0
634,3.0,0.0
635,3.5,0.0
636,4.0,0.0
637,4.5,0.0
638,5.0,0.0
639,5.5,0.0
640,6.0,0.0
641,6.5,0.0
642,7.0,0.0
643,7.5,0.0
644,8.0,0.0
645,8.5,0.0
646,9.0,0.0
647,9.5,0.0
648,10.0,0.0
649,-9.5,0.5
650,-9.0,0.5
651,-8.5,0.5
652,-8.0,0.5
653,-7.5,0.5
654,-7.0,0.5
655,-6.5,0.5
656,-6.0,0.5
657,-5.5,0.5
658,-5.0,0.5
659,-4.5,0.5
660,-4.0,0.5
661,-3.5,0.5
662,-3.0,0.5
663,-2.5,0.5
664,-2.0,0.5
665,-1.5,0.5
666,-1.0,0.5
667,-0.5,0.5
668,0.0,0.5
669,0.5,0.5
670,1.0,0.5
671,1.5,0.5
672,2.0,0.5
673,2.5,0.5
674,3.0,0.5
675,3.5,0.5
676,4.0,0.5
677,4.5,0.5
678,5.0,0.5
679,5.5,0.5
680,6.0,0.5
681,6.5,0.5
682,7.0,0.5
683,7.5,0.5
684,8.0,0.5
685,8.5,0.5
686,9.0,0.5
687,9.5,0.5
688,-9.5,1.0
689,-9.0,1.0
690,-8.5,1.0
691,-8.0,1.0
692,-7.5,1.0
693,-7.0,1.0
694,-6.5,1.0
695,-6.0,1.0
696,-5.5,1.0
697,-5.0,1.0
698,-4.5,1.0
699,-4.0,1.0
700,-3.5,1.0
701,-3.0,1.0
702,-2.5,1.0
703,-2.0,1.0
704,-1.5,1.0
705,-1.0,1.0
706,-0.5,1.0
707,0.0,1.0
708,0.5,1.0
709,1.0,1.0
710,1.5,1.0
711,2.0,1.0
712,2.5,1.0
713,3.0,1.0
714,3.5,1.0
715,4.0,1.0
716,4.5,1.0
717,5.0,1.0
718,5.5,1.0
719,6.0,1.0
720,6.5,1.0
721,7.0,1.0
722,7.5,1.0
723,8.0,1.0
724,8.5,1.0
725,9.0,1.0
726,9.5,1.0
727,-9.5,1.5
728,-9.0,1.5
729,-8.5,1.5
730,-8.0,1.5
731,-7.5,1.5
732,-7.0,1.5
733,-6.5,1.5
734,-6.0,1.5
735,-5.5,1.5
736,-5.0,1.5
737,-4.5,1.5
738,-4.0,1.5
739,-3.5,1.5
740,-3.0,1.5
741,-2.5,1.5
742,-2.0,1.5
743,-1.5,1.5
744,-1.0,1.5
745,-0.5,1.5
746,0.0,1.5
747,0.5,1.5
748,1.0,1.5
749,1.5,1.5
750,2.0,1.5
751,2.5,1.5
752,3.0,1.5
753,3.5,1.5
754,4.0,1.5
755,4.5,1.5
756,5.0,1.5
757,5.5,1.5
758,6.0,1.5
759,6.5,1.5
760,7.0,1.5
761,7.5,1.5
762,8.0,1.5
763,8.5,1.5
764,9.0,1.5
765,9.5,1.5
766,-9.5,2.0
767,-9.0,2.0
768,-8.5,2.0
769,-8.0,2.0
770,-7.5,2.0
771,-7.0,2.0
772,-6.5,2.0
773,-6.0,2.0
774,-5.5,2.0
775,-5.0,2.0
776,-4.5,2.0
777,-4.0,2.0
778,-3.5,2.0
779,-3.0,2.0
780,-2.5,2.0
781,-2.0,2.0
782,-1.5,2.0
783,-1.0,2.0
784,-0.5,2.0
785,0.0,2.0
786,0.5,2.0
787,1.0,2.0
788,1.5,2.0
789,2.0,2.0
790,2.5,2.0
791,3.0,2.0
792,3.5,2.0
793,4.0,2.0
794,4.5,2.0
795,5.0,2.0
796,5.5,2.0
797,6.0,2.0
798,6.5,2.0
799,7.0,2.0
800,7.5,2.0
801,8.0,2.0
802,8.5,2.0
803,9.0,2.0
804,9.5,2.0
805,-9.5,2.5
806,-9.0,2.5
807,-8.5,2.5
808,-8.0,2.5
809,-7.5,2.5
810,-7.0,2.5
811,-6.5,2.5
812,-6.0,2.5
813,-5.5,2.5
814,-5.0,2.5
815,-4.5,2.5
816,-4.0,2.5
817,-3.5,2.5
818,-3.0,2.5
819,-2.5,2.5
820,-2.0,2.5
821,-1.5,2.5
822,-1.0,2.5
823,-0.5,2.5
824,0.0,2.5
825,0.5,2.5
826,1.0,2.5
827,1.5,2.5
828,2.0,2.5
829,2.5,2.5
830,3.0,2.5
831,3.5,2.5
832,4.0,2.5
833,4.5,2.5
834,5.0,2.5
835,5.5,2.5
836,6.0,2.5
837,6.5,2.5
838,7.0,2.5
839,7.5,2.5
840,8.0,2.5
841,8.5,2.5
842,9.0,2.5
843,9.5,2.5
844,-9.5,3.0
845,-9.0,3.0
846,-8.5,3.0
847,-8.0,3.0
848,-7.5,3.0
849,-7.0,3.0
850,-6.5,3.0
851,-6.0,3.0
852,-5.5,3.0
853,-5.0,3.0
854,-4.5,3.0
855,-4.0,3.0
856,-3.5,3.0
857,-3.0,3.0
858,-2.5,3.0
859,-2.0,3.0
860,-1.5,3.0
861,-1.0,3.0
862,-0.5,3.0
863,0.0,3.0
864,0.5,3.0
865,1.0,3.0
866,1.5,3.0
867,2.0,3.0
868,2.5,3.0
869,3.0,3.0
870,3.5,3.0
871,4.0,3.0
872,4.5,3.0
873,5.0,3.0
874,5.5,3.0
875,6.0,3.0
876,6.5,3.0
877,7.0,3.0
878,7.5,3.0
879,8.0,3.0
880,8.5,3.0
881,9.0,3.0
882,9.5,3.0
883,-9.0,3.5
884,-8.5,3.5
885,-8.0,3.5
886,-7.5,3.5
887,-7.0,3.5
888,-6.5,3.5
889,-6.0,3.5
890,-5.5,3.5
891,-5.0,3.5
892,-4.5,3.5
893,-4.0,3.5
894,-3.5,3.5
895,-3.0,3.5
896,-2.5,3.5
897,-2.0,3.5
898,-1.5,3.5
899,-1.0,3.5
900,-0.5,3.5
901,0.0,3.5
902,0.5,3.5
903,1.0,3.5
904,1.5,3.5
905,2.0,3.5
906,2.5,3.5
907,3.0,3.5
908,3.5,3.5
909,4.0,3.5
910,4.5,3.5
911,5.0,3.5
912,5.5,3.5
913,6.0,3.5
914,6.5,3.5
915,7.0,3.5
916,7.5,3.5
917,8.0,3.5
918,8.5,3.5
919,9.0,3.5
920,-9.0,4.0
921,-8.5,4.0
922,-8.0,4.0
923,-7.5,4.0
924,-7.0,4.0
925,-6.5,4.0
926,-6.0,4.0
927,-5.5,4.0
928,-5.0,4.0
929,-4.5,4.0
930,-4.0,4.0
931,-3.5,4.0
932,-3.0,4.0
933,-2.5,4.0
934,-2.0,4.0
935,-1.5,4.0
936,-1.0,4.0
937,-0.5,4.0
938,0.0,4.0
939,0.5,4.0
940,1.0,4.0
941,1.5,4.0
942,2.0,4.0
943,2.5,4.0
944,3.0,4.0
945,3.5,4.0
946,4.0,4.0
947,4.5,4.0
948,5.0,4.0
949,5.5,4.0
950,6.0,4.0
951,6.5,4.0
952,7.0,4.0
953,7.5,4.0
954,8.0,4.0
955,8.5,4.0
956,9.0,4.0
957,-8.5,4.5
958,-8.0,4.5
959,-7.5,4.5
960,-7.0,4.5
961,-6.5,4.5
962,-6.0,4.5
963,-5.5,4.5
964,-5.0,4.5
965,-4.5,4.5
966,-4.0,4.5
967,-3.5,4.5
968,-3.0,4.5
969,-2.5,4.5
970,-2.0,4.5
971,-1.5,4.5
972,-1.0,4.5
973,-0.5,4.5
974,0.0,4.5
975,0.5,4.5
976,1.0,4.5
977,1.5,4.5
978,2.0,4.5
979,2.5,4.5
980,3.0,4.5
981,3.5,4.5
982,4.0,4.5
983,4.5,4.5
984,5.0,4.5
985,5.5,4.5
986,6.0,4.5
987,6.5,4.5
988,7.0,4.5
989,7.5,4.5
990,8.0,4.5
991,8.5,4.5
992,-8.5,5.0
993,-8.0,5.0
994,-7.5,5.0
995,-7.0,5.0
996,-6.5,5.0
997,-6.0,5.0
998,-5.5,5.0
999,-5.0,5.0
1000,-4.5,5.0
1001,-4.0,5.0
1002,-3.5,5.0
1003,-3.0,5.0
1004,-2.5,5.0
1005,-2.0,5.0
1006,-1.5,5.0
1007,-1.0,5.0
1008,-0.5,5.0
1009,0.0,5.0
1010,0.5,5.0
1011,1.0,5.0
1012,1.5,5.0
1013,2.0,5.0
1014,2.5,5.0
1015,3.0,5.0
1016,3.5,5.0
1017,4.0,5.0
1018,4.5,5.0
1019,5.0,5.0
1020,5.5,5.0
1021,6.0,5.0
1022,6.5,5.0
1023,7.0,5.0
1024,7.5,5.0
1025,8.0,5.0
1026,8.5,5.0
1027,-8.0,5.5
1028,-7.5,5.5
1029,-7.0,5.5
1030,-6.5,5.5
1031,-6.0,5.5
1032,-5.5,5.5
1033,-5.0,5.5
1034,-4.5,5.5
1035,-4.0,5.5
1036,-3.5,5.5
1037,-3.0,5.5
1038,-2.5,5.5
1039,-2.0,5.5
1040,-1.5,5.5
1041,-1.0,5.5
1042,-0.5,5.5
1043,0.0,5.5
1044,0.5,5.5
1045,1.0,5.5
1046,1.5,5.5
1047,2.0,5.5
1048,2.5,5.5
1049,3.0,5.5
1050,3.5,5.5
1051,4.0,5.5
1052,4.5,5.5
1053,5.0,5.5
1054,5.5,5.5
1055,6.0,5.5
1056,6.5,5.5
1057,7.0,5.5
1058,7.5,5.5
1059,8.0,5.5
1060,-8.0,6.0
1061,-7.5,6.0
1062,-7.0,6.0
1063,-6.5,6.0
1064,-6.0,6.0
1065,-5.5,6.0
1066,-5.0,6.0
1067,-4.5,6.0
1068,-4.0,6.0
1069,-3.5,6.0
1070,-3.0,6.0
1071,-2.5,6.0
1072,-2.0,6.0
1073,-1.5,6.0
1074,-1.0,6.0
1075,-0.5,6.0
1076,0.0,6.0
1077,0.5,6.0
1078,1.0,6.0
1079,1.5,6.0
1080,2.0,6.0
1081,2.5,6.0
1082,3.0,6.0
1083,3.5,6.0
1084,4.0,6.0
1085,4.5,6.0
1086,5.0,6.0
1087,5.5,6.0
1088,6.0,6.0
1089,6.5,6.0
1090,7.0,6.0
1091,7.5,6.0
1092,8.0,6.0
1093,-7.5,6.5
1094,-7.0,6.5
1095,-6.5,6.5
1096,-6.0,6.5
1097,-5.5,6.5
1098,-5.0,6.5
1099,-4.5,6.5
1100,-4.0,6.5
1101,-3.5,6.5
1102,-3.0,6.5
1103,-2.5,6.5
1104,-2.0,6.5
1105,-1.5,6.5
1106,-1.0,6.5
1107,-0.5,6.5
1108,0.0,6.5
1109,0.5,6.5
1110,1.0,6.5
1111,1.5,6.5
1112,2.0,6.5
1113,2.5,6.5
1114,3.0,6.5
1115,3.5,6.5
1116,4.0,6.5
1117,4.5,6.5
1118,5.0,6.5
1119,5.5,6.5
1120,6.0,6.5
1121,6.5,6.5
1122,7.0,6.5
1123,7.5,6.5
1124,-7.0,7.0
1125,-6.5,7.0
1126,-6.0,7.0
1127,-5.5,7.0
1128,-5.0,7.0
1129,-4.5,7.0
1130,-4.0,7.0
1131,-3.5,7.0
1132,-3.0,7.0
1133,-2.5,7.0
1134,-2.0,7.0
1135,-1.5,7.0
1136,-1.0,7.0
1137,-0.5,7.0
1138,0.0,7.0
1139,0.5,7.0
1140,1.0,7.0
1141,1.5,7.0
1142,2.0,7.0
1143,2.5,7.0
1144,3.0,7.0
1145,3.5,7.0
1146,4.0,7.0
1147,4.5,7.0
1148,5.0,7.0
1149,5.5,7.0
1150,6.0,7.0
1151,6.5,7.0
1152,7.0,7.0
1153,-6.5,7.5
1154,-6.0,7.5
1155,-5.5,7.5
1156,-5.0,7.5
1157,-4.5,7.5
1158,-4.0,7.5
1159,-3.5,7.5
1160,-3.0,7.5
1161,-2.5,7.5
1162,-2.0,7.5
1163,-1.5,7.5
1164,-1.0,7.5
1165,-0.5,7.5
1166,0.0,7.5
1167,0.5,7.5
1168,1.0,7.5
1169,1.5,7.5
1170,2.0,7.5
1171,2.5,7.5
1172,3.0,7.5
1173,3.5,7.5
1174,4.0,7.5
1175,4.5,7.5
1176,5.0,7.5
1177,5.5,7.5
1178,6.0,7.5
1179,6.5,7.5
1180,-6.0,8.0
1181,-5.5,8.0
1182,-5.0,8.0
1183,-4.5,8.0
1184,-4.0,8.0
1185,-3.5,8.0
1186,-3.0,8.0
1187,-2.5,8.0
1188,-2.0,8.0
1189,-1.5,8.0
1190,-1.0,8.0
1191,-0.5,8.0
1192,0.0,8.0
1193,0.5,8.0
1194,1.0,8.0
1195,1.5,8.0
1196,2.0,8.0
1197,2.5,8.0
1198,3.0,8.0
1199,3.5,8.0
1200,4.0,8.0
1201,4.5,8.0
1202,5.0,8.0
1203,5.5,8.0
1204,6.0,8.0
1205,-5.0,8.5
1206,-4.5,8.5
1207,-4.0,8.5
1208,-3.5,8.5
1209,-3.0,8.5
1210,-2.5,8.5
1211,-2.0,8.5
1212,-1.5,8.5
1213,-1.0,8.5
1214,-0.5,8.5
1215,0.0,8.5
1216,0.5,8.5
1217,1.0,8.5
1218,1.5,8.5
1219,2.0,8.5
1220,2.5,8.5
1221,3.0,8.5
1222,3.5,8.5
1223,4.0,8.5
1224,4.5,8.5
1225,5.0,8.5
1226,-4.0,9.0
1227,-3.5,9.0
1228,-3.0,9.0
1229,-2.5,9.0
1230,-2.0,9.0
1231,-1.5,9.0
1232,-1.0,9.0
1233,-0.5,9.0
1234,0.0,9.0
1235,0.5,9.0
1236,1.0,9.0
1237,1.5,9.0
1238,2.0,9.0
1239,2.5,9.0
1240,3.0,9.0
1241,3.5,9.0
1242,4.0,9.0
1243,-3.0,9.5
1244,-2.5,9.5
1245,-2.0,9.5
1246,-1.5,9.5
1247,-1.0,9.5
1248,-0.5,9.5
1249,0.0,9.5
1250,0.5,9.5
1251,1.0,9.5
1252,1.5,9.5
1253,2.0,9.5
1254,2.5,9.5
1255,3.0,9.5
1256,0.0,10.0
